
TDSQL PostgreSQL版（Oracle 兼容）支持范围（RANGE）、列表（LIST）、散列（HASH）分区，同时支持基于范围（RANGE）、列表（LIST）、散列（HASH）的多级分区。

## 范围（RANGE）分区
### 使用限制
- 社区分区表暂不支持在主表上创建主键或唯一索引，可在每个分区子表上创建。
- 自研分区表支持在主表上创建主键或唯一索引。

### 语法
#### 自研分区表建表语法
```
CREATE TABLE [ IF NOT EXISTS ] table_name ( [
     { column_name data_type [ COLLATE collation ] [ column_constraint [ ... ] ]
   | table_constraint
   | LIKE source_table [ like_option ... ] }
   [, ... ]
   ] )
   [ PARTITION BY RANGE ( { column_name | ( expression ) } [ COLLATE collation ] [ opclass ] [, ... ] ) ]
BEGIN ( { numeric_literal | string_literal | MINVALUE} ) STEP (numeric_literal) PARTITIONS( numeric_literal) 
[ distribute by { replication | shard(column_name) } ]
[ to group { default_group | group_name } ] ;
```

#### 新增分区子表语法
```
ALTER TABLE table_name ADD PARTITIONS numeric_literal ;
```

自动生成的分区子表命名规则：表名\_part\_序号（从0开始） `table_name_part_number`。

如：分区主表名为 `tbl_range_test`，则分区子表为 `tbl_range_test_part_0`、`tbl_range_test_part_1`……

#### 社区分区表建表语法
```
分区主表：
CREATE TABLE [ IF NOT EXISTS ] table_name ( [
    { column_name data_type [ COLLATE collation ] [ column_constraint [ ... ] ]
  | table_constraint
  | LIKE source_table [ like_option ... ] }
  [, ... ]
  ] )
  [ PARTITION BY RANGE ( { column_name | ( expression ) } [ COLLATE collation ] [ opclass ] [, ... ] ) ]
[ distribute by { replication | shard(column_name) } ]
[ to group { default_group | group_name } ] ;
    
分区子表：
CREATE TABLE [ IF NOT EXISTS ] table_name
PARTITION OF parent_table [ (
   { column_name [ WITH OPTIONS ] [ column_constraint [ ... ] ]
| table_constraint }
[, ... ]
) ] { FOR VALUES partition_bound_spec | DEFAULT }
[ PARTITION BY { RANGE | LIST | HASH } ( { column_name | ( expression ) } [ COLLATE collation ] [ opclass ] [, ... ] ) ] ;
    
partition_bound_spec is:
FROM ( { numeric_literal | string_literal | MINVALUE | MAXVALUE } [, ...] )
TO ( { numeric_literal | string_literal | MINVALUE | MAXVALUE } [, ...] )
```
    
### 示例
#### 整型范围分区
创建自研分区表：
```
postgres=# create table part_range_t3 (f1 bigint,f2 timestamp default now(), f3 integer) partition by range (f3) begin (1) step (50) partitions (3) ;
CREATE TABLE
```
插入分区范围内数据：
```
postgres=# insert into part_range_t3(f1,f3) values(1,1),(2,50),(3,100),(2,110);
COPY 4
``` 
插入超出分区范围数据：
```
postgres=# insert into part_range_t3(f1,f3) values(1,151);
ERROR:  node:dn001, backend_pid:19944, nodename:dn001,backend_pid:19944,message:value to inserted execeed range of partitioned table
```   
添加2个分区： 
```
postgres=# alter table part_range_t3 add partitions 2;
ALTER TABLE
```
再次插入分区范围外数据：
```
postgres=# insert into part_range_t3(f1,f3) values(1,151);
INSERT 0 1
```

#### 时间范围分区
创建自研分区表：
```
 postgres=# create table part_range_t1
(
f1 int not null,
f2 timestamp not null default now(),
f3 varchar(50),
f4 integer,
primary key(f1)
) 
partition by range (f2) 
begin (timestamp without time zone '2020-06-01 0:0:0') 
step (interval '1 month') partitions (3) ;
CREATE TABLE
```  
插入分区范围内数据：
```
postgres=# insert into part_range_t1(f1,f2,f3,f4) values(1,'2020-06-01','one',2);
INSERT 0 1
postgres=# insert into part_range_t1(f1,f2,f3,f4) values(2,'2020-07-01','two',3);
INSERT 0 1
postgres=# insert into part_range_t1(f1,f2,f3,f4) values(3,'2020-08-01','three',4);
INSERT 0 1
postgres=# insert into part_range_t1(f1,f2,f3,f4) values(4,'2020-08-21','four',4);
INSERT 0 1
```
插入分区范围外数据：
```
postgres=# insert into part_range_t1(f1,f2,f3,f4) values(5,'2020-09-01','four',4);
ERROR:  node:dn001, backend_pid:30099, nodename:dn001,backend_pid:30099,message:value to inserted execeed range of partitioned table
postgres=# 
```   
增加1个分区：
```
postgres=# ALTER TABLE part_range_t1 ADD PARTITIONS 1;
ALTER TABLE
postgres=# 
```
当前分区范围上限为2020-10-01。
再次插入分区范围外数据：
```
postgres=# insert into part_range_t1(f1,f2,f3,f4) values(5,'2020-09-01','four',4);
INSERT 0 1
postgres=# 
```
创建社区分区表：
```
postgres=# create table public.part_range_t2   
(
f1 int not null,
f2 timestamp not null default now(),
f3 varchar(50),
f4 integer) 
partition by range (f2);
CREATE TABLE
``` 
创建子分区：
```
postgres=# create table part_range_t2_part_0 partition of public.part_range_t2 for values from ('2020-06-01') to ('2020-07-01');
CREATE TABLE
postgres=# create table part_range_t2_part_1 partition of part_range_t2 for values from ('2020-07-01') to ('2020-08-01');
CREATE TABLE
postgres=# create table part_range_t2_part_2 partition of part_range_t2 for values from ('2020-08-01') to ('2020-09-01');
CREATE TABLE
```  
插入分区范围内数据：
```
postgres=# insert into part_range_t2(f1,f2,f3,f4) values(1,'2020-06-01','one',2);
INSERT 0 1
postgres=# insert into part_range_t2(f1,f2,f3,f4) values(2,'2020-07-01','two',3);
INSERT 0 1
postgres=# insert into part_range_t2(f1,f2,f3,f4) values(3,'2020-08-01','three',4);
INSERT 0 1
postgres=# insert into part_range_t2(f1,f2,f3,f4) values(4,'2020-08-21','four',4);
INSERT 0 1
```

## 列表（LIST）分区
### 使用限制
社区分区表暂不支持在主表上创建主键或唯一索引，可在每个分区子表上创建。

### 语法
#### 分区主表建表语法
```
CREATE TABLE [ IF NOT EXISTS ] table_name ( [
    { column_name data_type [ COLLATE collation ] [ column_constraint [ ... ] ]
  | table_constraint
  | LIKE source_table [ like_option ... ] }
  [, ... ]
  ] )
  [ PARTITION BY LIST ( { column_name | ( expression ) } [ COLLATE collation ] [ opclass ] [, ... ] ) ]
[ distribute by { replication | shard(column_name) } ]
[ to group { default_group | group_name } ] ;
```	
   
#### 分区子表建表语法
```
CREATE TABLE [ IF NOT EXISTS ] table_name
PARTITION OF parent_table [ (
    { column_name [ WITH OPTIONS ] [ column_constraint [ ... ] ]
| table_constraint }
[, ... ]
) ] FOR VALUES IN ( { numeric_literal | string_literal | NULL } ) 
[ PARTITION BY { RANGE | LIST | HASH } ( { column_name | ( expression ) } [ COLLATE collation ] [ opclass ] [, ... ] ) ] ;
```
   
### 示例
```
postgres=# create table part_list_t1(f1 serial not null,f2 text, f3 integer,f4 date) partition by list( f2 );
CREATE TABLE
postgres=# create table part_list_t1_gd partition of part_list_t1(f1 ,f2 , f3,f4) for values in ('广东');
CREATE TABLE
postgres=# create table part_list_t1_bj partition of part_list_t1(f1 ,f2 , f3,f4) for values in ('北京');
CREATE TABLE
postgres=# create table part_list_t1_sh partition of part_list_t1(f1 ,f2 , f3,f4) for values in ('上海');
CREATE TABLE
    
postgres=# insert into part_list_t1(f1,f2,f3,f4) values(1,'北京',1,now());
INSERT 0 1
postgres=# insert into part_list_t1(f1,f2,f3,f4) values(2,'北京',2,now());
INSERT 0 1
postgres=# insert into part_list_t1(f1,f2,f3,f4) values(3,'上海',3,now());
INSERT 0 1
postgres=# insert into part_list_t1(f1,f2,f3,f4) values(4,'上海',4,now());
INSERT 0 1
postgres=# insert into part_list_t1(f1,f2,f3,f4) values(5,'广东',5,now());
INSERT 0 1
postgres=# insert into part_list_t1(f1,f2,f3,f4) values(6,'广东',6,now());
INSERT 0 1
```
    
## 散列（HASH）分区
### 使用限制
社区分区表暂不支持在主表上创建主键或唯一索引，可在每个分区子表上创建。

### 语法
#### 分区主表建表语法
```
CREATE TABLE [ IF NOT EXISTS ] table_name ( [
    { column_name data_type [ COLLATE collation ] [ column_constraint [ ... ] ]
  | table_constraint
  | LIKE source_table [ like_option ... ] }
  [, ... ]
  ] )
  [ PARTITION BY HASH ( { column_name | ( expression ) } [ COLLATE collation ] [ opclass ] [, ... ] ) ]
[ distribute by { replication | shard(column_name) } ]
[ to group { default_group | group_name } ] ;
```
    
#### 分区子表建表语法
```
CREATE TABLE [ IF NOT EXISTS ] table_name
PARTITION OF parent_table [ (
   { column_name [ WITH OPTIONS ] [ column_constraint [ ... ] ]
| table_constraint }
[, ... ]
) ] FOR VALUES WITH ( MODULUS numeric_literal, REMAINDER numeric_literal )
[ PARTITION BY { RANGE | LIST | HASH } ( { column_name | ( expression ) } [ COLLATE collation ] [ opclass ] [, ... ] ) ] ;
```
    
### 示例
```
postgres=# create table part_hash_t1(id integer, product integer) partition by hash (id);
CREATE TABLE
postgres=# create table part_hash_t1_part_0 partition of part_hash_t1 for values with (modulus 2,remainder 0);
CREATE TABLE
postgres=# create table part_hash_t1_part_1 partition of part_hash_t1 for values with (modulus 2,remainder 1);
CREATE TABLE
postgres=# insert into part_hash_t1 select generate_series(1,1000),generate_series(1,1000);
INSERT 0 1000
postgres=# select count(*) from part_hash_t1_part_0;
  count 
-------
    535
(1 row)
postgres=# select count(*) from part_hash_t1_part_1;
  count 
-------
    465
(1 row)
```
    
## 多级分区
可支持一级分区为 RANGE、LIST，二级分区为 RANGE、LIST、HASH 组合。

### 语法
#### 一级分区主表建表语法
```
CREATE TABLE [ IF NOT EXISTS ] table_name ( [
    { column_name data_type [ COLLATE collation ] [ column_constraint [ ... ] ]
  | table_constraint
  | LIKE source_table [ like_option ... ] }
  [, ... ]
  ] )
  [ PARTITION BY { RANGE | LIST } ( { column_name | ( expression ) } [ COLLATE collation ] [ opclass ] [, ... ] ) ]
[ distribute by { replication | shard(column_name) } ]
[ to group { default_group | group_name } ] ;
```
    
#### 一级分区子表（即二级分区主表）建表语法
```
CREATE TABLE [ IF NOT EXISTS ] table_name
PARTITION OF parent_table [ (
   { column_name [ WITH OPTIONS ] [ column_constraint [ ... ] ]
| table_constraint }
[, ... ]
) ] FOR VALUES partition_bound_spec
[ PARTITION BY { RANGE | LIST | HASH } ( { column_name | ( expression ) } [ COLLATE collation ] [ opclass ] [, ... ] ) ] ;
    
partition_bound_spec is:
IN ( { numeric_literal | string_literal | NULL } [, ...] ) |
FROM ( { numeric_literal | string_literal | MINVALUE | MAXVALUE } [, ...] )
TO ( { numeric_literal | string_literal | MINVALUE | MAXVALUE } [, ...] ) |
WITH ( MODULUS numeric_literal, REMAINDER numeric_literal )
``` 

二级分区子表建表语法同二级分区主表建表语法。

### 示例
创建 LIST-RANGE 分区表：
```
postgres=# create table t_native_mul_list(f1 bigserial not null,f2 integer,f3 text,f4 text,f5 date) partition by list ( f3 );
CREATE TABLE
postgres=# create table t_native_mul_list_gd partition of t_native_mul_list for values in ('广东')  partition by range(f5);
CREATE TABLE
postgres=# create table t_native_mul_list_bj partition of t_native_mul_list for values in ('北京') partition by range(f5);
CREATE TABLE
postgres=# create table t_native_mul_list_sh partition of t_native_mul_list for values in ('上海')  partition by range(f5);
CREATE TABLE
postgres=# create table t_native_mul_list_gd_201701 partition of t_native_mul_list_gd(f1,f2,f3,f4,f5) for values from ('2017-01-01') to ('2017-02-01');
CREATE TABLE
postgres=# create table t_native_mul_list_gd_201702 partition of t_native_mul_list_gd(f1,f2,f3,f4,f5) for values from ('2017-02-01') to ('2017-03-01');
CREATE TABLE
postgres=# create table t_native_mul_list_bj_201701 partition of t_native_mul_list_bj(f1,f2,f3,f4,f5) for values from ('2017-01-01') to ('2017-02-01');
CREATE TABLE
postgres=# create table t_native_mul_list_bj_201702 partition of t_native_mul_list_bj(f1,f2,f3,f4,f5) for values from ('2017-02-01') to ('2017-03-01');
CREATE TABLE
postgres=# create table t_native_mul_list_sh_201701 partition of t_native_mul_list_sh(f1,f2,f3,f4,f5) for values from ('2017-01-01') to ('2017-02-01');
CREATE TABLE
postgres=# create table t_native_mul_list_sh_201702 partition of t_native_mul_list_sh(f1,f2,f3,f4,f5) for values from ('2017-02-01') to ('2017-03-01');
CREATE TABLE
postgres=# 
    
postgres=# \d+ t_native_mul_list
Table "public.t_native_mul_list"
Column |  Type  | Collation | Nullable |Default| Storage  | Stats target | Description 
--------+--------------------------------+-----------+----------+-----------------------------------------------+----------+--------------+-------------
  f1 | bigint |   | not null | nextval('t_native_mul_list_f1_seq'::regclass) | plain|  | 
  f2 | integer|   |  |   | plain|  | 
  f3 | text   |   |  |   | extended |  | 
  f4 | text   |   |  |   | extended |  | 
  f5 | timestamp(0) without time zone |   |  |   | plain|  | 
Partition key: LIST (f3)
Partitions: t_native_mul_list_bj FOR VALUES IN ('北京'), PARTITIONED,
t_native_mul_list_gd FOR VALUES IN ('广东'), PARTITIONED,
t_native_mul_list_sh FOR VALUES IN ('上海'), PARTITIONED
Distribute By: SHARD(f1)
Location Nodes: ALL DATANODES
    
postgres=# \d+ t_native_mul_list_bj
Table "public.t_native_mul_list_bj"
Column |  Type  | Collation | Nullable |Default| Storage  | Stats target | Description 
--------+--------------------------------+-----------+----------+-----------------------------------------------+----------+--------------+-------------
  f1 | bigint |   | not null | nextval('t_native_mul_list_f1_seq'::regclass) | plain|  | 
  f2 | integer|   |  |   | plain|  | 
  f3 | text   |   |  |   | extended |  | 
  f4 | text   |   |  |   | extended |  | 
  f5 | timestamp(0) without time zone |   |  |   | plain|  | 
Partition of: t_native_mul_list FOR VALUES IN ('北京')
Partition constraint: ((f3 IS NOT NULL) AND (f3 = ANY (ARRAY['北京'::text])))
Partition key: RANGE (f5)
Partitions: t_native_mul_list_bj_201701 FOR VALUES FROM ('2017-01-01 00:00:00') TO ('2017-02-01 00:00:00'),
t_native_mul_list_bj_201702 FOR VALUES FROM ('2017-02-01 00:00:00') TO ('2017-03-01 00:00:00')
Distribute By: SHARD(f1)
Location Nodes: ALL DATANODES   
```
   
插入数据：
```
postgres=# insert into t_native_mul_list(f2,f3,f4,f5) values(1,'广东',md5(random()::text),'2017-01-01');
INSERT 0 1
postgres=# insert into t_native_mul_list(f2,f3,f4,f5) values(2,'广东',md5(random()::text),'2017-02-01');
INSERT 0 1
postgres=# insert into t_native_mul_list(f2,f3,f4,f5) values(1,'北京',md5(random()::text),'2017-01-01');
INSERT 0 1
postgres=# insert into t_native_mul_list(f2,f3,f4,f5) values(2,'北京',md5(random()::text),'2017-02-01');
INSERT 0 1
postgres=# insert into t_native_mul_list(f2,f3,f4,f5) values(1,'上海',md5(random()::text),'2017-01-01');
INSERT 0 1
postgres=# insert into t_native_mul_list(f2,f3,f4,f5) values(2,'上海',md5(random()::text),'2017-02-01');
INSERT 0 1
    
postgres=# explain select * from t_native_mul_list where f3='广东';
    QUERY PLAN
-----------------------------------------------------------------------------------------
 Remote Fast Query Execution  (cost=0.00..0.00 rows=0 width=0)
   Node/s: dn001, dn002
   ->  Append  (cost=0.00..34.75 rows=6 width=84)
->  Seq Scan on t_native_mul_list_gd_201701  (cost=0.00..17.38 rows=3 width=84)
    Filter: (f3 = '广东'::text)
->  Seq Scan on t_native_mul_list_gd_201702  (cost=0.00..17.38 rows=3 width=84)
    Filter: (f3 = '广东'::text)
 (7 rows)
    
postgres=# explain select * from t_native_mul_list where f3='广东' and f5>='2017-02-01'
postgres-# ;
    QUERY PLAN 
------------------------------------------------------------------------------------------------------------
 Remote Fast Query Execution  (cost=0.00..0.00 rows=0 width=0)
   Node/s: dn001, dn002
   ->  Append  (cost=0.00..18.85 rows=1 width=84)
->  Seq Scan on t_native_mul_list_gd_201702  (cost=0.00..18.85 rows=1 width=84)
    Filter: ((f5 >= '2017-02-01 00:00:00'::timestamp without time zone) AND (f3 = '广东'::text))
 (5 rows)
```
    
## 分区拆分
TDSQL PostgreSQL版（Oracle 兼容）兼容 Oracle 分区表分区拆分语法，支持 RANGE、LIST 的一级和多级分区拆分。
分区拆分通常用于将 DEFAULT 分区拆分到新的分区，或者将一个较大的分区拆分成两个分区。

### 使用限制
暂不支持自研分区、HASH 分区拆分。

### 语法
#### 范围（RANGE）分区拆分
```
ALTER TABLE table_name SPLIT PARTITION part_3 AT ( { numeric_literal | string_literal } ) INTO (PARTITION part_1, PARTITION part_2);
```
    
#### 列表（LIST）分区拆分
```
ALTER TABLE table_name SPLIT PARTITION part_3 VALUES ( { numeric_literal | string_literal | NULL } , { numeric_literal | string_literal | NULL } ) INTO (PARTITION part_1, PARTITION part_2);
```
    
### 示例
```
postgres=# \d+ part_range_t2
Table "public.part_range_t2"
Column |Type | Collation | Nullable | Default | Storage  | Stats target | Description 
--------+-----------------------------+-----------+----------+---------+----------+--------------+-------------
  f1 | integer |   | not null | | plain|  | 
  f2 | timestamp without time zone |   | not null | now()   | plain|  | 
  f3 | character varying(50)   |   |  | | extended |  | 
  f4 | integer |   |  | | plain|  | 
Partition key: RANGE (f2)
Partitions: part_range_t2_part_0 FOR VALUES FROM ('2020-06-01 00:00:00') TO ('2020-07-01 00:00:00'),
part_range_t2_part_1 FOR VALUES FROM ('2020-07-01 00:00:00') TO ('2020-08-01 00:00:00'),
part_range_t2_part_2 FOR VALUES FROM ('2020-08-01 00:00:00') TO ('2020-09-01 00:00:00')
Distribute By: SHARD(f1)
Location Nodes: ALL DATANODES 
当前分区表有 part_range_t2_part_0、part_range_t2_part_1、part_range_t2_part_2  3个分区
    
下面的 sql 将 part_range_t2_part_2中 ('2020-08-01 00:00:00') 到 ('2020-08-20 00:00:00') 的数据拆分到 part_range_t2_part_21
postgres=# ALTER TABLE part_range_t2 SPLIT PARTITION part_range_t2_part_2 AT ( '2020-08-20') INTO (PARTITION part_range_t2_part_21, PARTITION part_range_t2_part_2);
ALTER TABLE
    
postgres=# \d+ part_range_t2
Table "public.part_range_t2"
Column |Type | Collation | Nullable | Default | Storage  | Stats target | Description 
--------+-----------------------------+-----------+----------+---------+----------+--------------+-------------
  f1 | integer |   | not null | | plain|  | 
  f2 | timestamp without time zone |   | not null | now()   | plain|  | 
  f3 | character varying(50)   |   |  | | extended |  | 
  f4 | integer |   |  | | plain|  | 
Partition key: RANGE (f2)
Partitions: part_range_t2_part_0 FOR VALUES FROM ('2020-06-01 00:00:00') TO ('2020-07-01 00:00:00'),
part_range_t2_part_1 FOR VALUES FROM ('2020-07-01 00:00:00') TO ('2020-08-01 00:00:00'),
part_range_t2_part_2 FOR VALUES FROM ('2020-08-20 00:00:00') TO ('2020-09-01 00:00:00'),
part_range_t2_part_21 FOR VALUES FROM ('2020-08-01 00:00:00') TO ('2020-08-20 00:00:00')
Distribute By: SHARD(f1)
Location Nodes: ALL DATANODES
确认分区已拆分
    
postgres=# select * from part_range_t2_part_2;
f1 | f2  |  f3  | f4 
----+---------------------+------+----
  4 | 2020-08-21 00:00:00 | four |  4
 (1 row)
postgres=# select * from part_range_t2_part_21;
  f1 | f2  |  f3   | f4 
----+---------------------+-------+----
  3 | 2020-08-01 00:00:00 | three |  4
(1 row)
确认数据已拆分到新的分区子表中
```

## 分区合并
TDSQL PostgreSQL版（Oracle 兼容）兼容 Oracle 分区表分区合并语法。通过分区合并，可以将两个分区的数据合并到另一个分区中。

分区合并通常用于将一些较小的列表（list）分区，或相邻的较小的范围分区合并，减少分区数量，提高效率。

### 使用限制
- 不能用于散列（HASH）分区和子分区的合并。
- 范围（RANGE）分区合并时，允许合并两个临近范围的分区到另外分区，不相邻分区无法合并。合并结果分区继承两个源分区的最大边界。
- 暂不支持 UPDATE [ GLOBAL ] INDEXES。

### 语法
```
ALTER TABLE table_name MERGE PARTITIONS ( part1, part2 ) INTO PARTITION part3 ;
```

### 示例
```
当前分区有 part_range_t2_part_0、part_range_t2_part_1、part_range_t2_part_2、part_range_t2_part_21 四个
postgres=# \d+  part_range_t2
Table "public.part_range_t2"
Column |Type | Collation | Nullable | Default | Storage  | Stats target | Description 
--------+-----------------------------+-----------+----------+---------+----------+--------------+-------------
  f1 | integer |   | not null | | plain|  | 
  f2 | timestamp without time zone |   | not null | now()   | plain|  | 
  f3 | character varying(50)   |   |  | | extended |  | 
  f4 | integer |   |  | | plain|  | 
Partition key: RANGE (f2)
Partitions: part_range_t2_part_0 FOR VALUES FROM ('2020-06-01 00:00:00') TO ('2020-07-01 00:00:00'),
part_range_t2_part_1 FOR VALUES FROM ('2020-07-01 00:00:00') TO ('2020-08-01 00:00:00'),
part_range_t2_part_2 FOR VALUES FROM ('2020-08-20 00:00:00') TO ('2020-09-01 00:00:00'),
part_range_t2_part_21 FOR VALUES FROM ('2020-08-01 00:00:00') TO ('2020-08-20 00:00:00')
Distribute By: SHARD(f1)
Location Nodes: ALL DATANODES
    
下面的 sql 将 part_range_t2_part_2、part_range_t2_part_21 两个分区的数据合并到 part_range_t2_part_22 中
postgres=# ALTER TABLE part_range_t2 MERGE PARTITIONS ( part_range_t2_part_2, part_range_t2_part_21) INTO PARTITION part_range_t2_part_22;
ALTER TABLE
postgres=# \d+  part_range_t2
Table "public.part_range_t2"
Column |Type | Collation | Nullable | Default | Storage  | Stats target | Description 
--------+-----------------------------+-----------+----------+---------+----------+--------------+-------------
  f1 | integer |   | not null | | plain|  | 
  f2 | timestamp without time zone |   | not null | now()   | plain|  | 
  f3 | character varying(50)   |   |  | | extended |  | 
  f4 | integer |   |  | | plain|  | 
Partition key: RANGE (f2)
Partitions: part_range_t2_part_0 FOR VALUES FROM ('2020-06-01 00:00:00') TO ('2020-07-01 00:00:00'),
part_range_t2_part_1 FOR VALUES FROM ('2020-07-01 00:00:00') TO ('2020-08-01 00:00:00'),
part_range_t2_part_22 FOR VALUES FROM ('2020-08-01 00:00:00') TO ('2020-09-01 00:00:00')
Distribute By: SHARD(f1)
Location Nodes: ALL DATANODES
postgres=# 
确认分区合并后，分区从4个变为3个
    
postgres=# select * from part_range_t2_part_22;
  f1 | f2  |  f3   | f4 
----+---------------------+-------+----
  4 | 2020-08-21 00:00:00 | four  |  4
  3 | 2020-08-01 00:00:00 | three |  4
(2 rows)
确认数据迁移至合并后的分区
```
    
## 支持不同父表下相同子表名称
Oracle 父表不相同，子表名称可以相同，TDSQL PostgreSQL版（Oracle 兼容）对此特性兼容，支持不同父表下相同子表名称。
需要先在创建分区子表时，通过 `as` 子表别名的语法指定别名。

#### 语法
```
table_name PARTITIONS ( part_name ) 
```

#### 示例
```
如在上文分区表中新增2个分区
postgres=# create table part_range_t2_part_3 partition of part_range_t2 for values from ('2020-09-01') to ('2020-10-01') as part_3;
CREATE TABLE
postgres=# create table part_list_t1_cd partition of part_list_t1(f1 ,f2 , f3,f4) for values in ('成都') as part_3;
CREATE TABLE
    
插入数据
postgres=# insert into part_range_t2(f1,f2,f3,f4) values(6,'2020-09-01','four',6);
INSERT 0 1
postgres=# insert into part_list_t1(f1,f2,f3,f4) values(7,'成都',7,now());
INSERT 0 1
postgres=# insert into part_list_t1(f1,f2,f3,f4) values(8,'成都',8,now());
INSERT 0 1
postgres=# 
    
分区子表同名（实为分区子表别名同名），查询数据正常
postgres=# select * from part_range_t2 partition(part_3) where rownum<=3;
  f1 | f2  |  f3  | f4 
----+---------------------+------+----
  6 | 2020-09-01 00:00:00 | four |  6
(1 row)
postgres=# select * from part_list_t1 partition(part_3) where rownum<=3;
  f1 |  f2  | f3 | f4  
----+------+----+---------------------
  8 | 成都 |  8 | 2021-03-18 18:00:01
  7 | 成都 |  7 | 2021-03-18 18:00:00
(2 rows)
```

## TRUNCATE 分区子表
兼容 Oracle 语法，TDSQL PostgreSQL版（Oracle 兼容）支持分区子表TRUNCATE。

#### 语法
```
ALTER TABLE parent_table TRUNCATE PARTITION (part_name) UPDATE [GLOBAL] INDEXES;
``` 

#### 示例
```
postgres=# alter table part_range_t2 truncate partition ( part_3 ) update global indexes;
TRUNCATE TABLE
postgres=# select * from part_range_t2 partition ( part_3 ) ;
  f1 | f2 | f3 | f4 
----+----+----+----
(0 rows)
postgres=# 
```
    
## 分区子表直接访问
兼容 Oracle 语法，TDSQL PostgreSQL版（Oracle 兼容）支持分区子表直接访问。

#### 语法
```
parent_table PARTITION (part_name) 
```
    
#### 示例
```
postgres=# select * from part_range_t2 partition(part_3) where rownum<=3;
  f1 | f2  |  f3  | f4 
----+---------------------+------+----
  6 | 2020-09-01 00:00:00 | four |  6
(1 row)
postgres=# select * from part_list_t1 partition(part_3) where rownum<=3;
  f1 |  f2  | f3 | f4  
----+------+----+---------------------
  8 | 成都 |  8 | 2021-03-18 18:00:01
  7 | 成都 |  7 | 2021-03-18 18:00:00
(2 rows)
```
    
 
