## 序列
序列是数据库对象的一种。多个用户能够通过序列生成连续的数字，以此来实现主键字段的自主、唯一增长，而且一个序列可为多列、多表同一时候使用。

序列消除了串行化而且提高了应用程序一致性。

### 使用限制
- TDSQL PostgreSQL版 序列当前为 `bigint` 类型，最大值为 `9223372036854775807`，超过该值报错。
- 兼容 Oracle 用法，TDSQL PostgreSQL版（Oracle 兼容）支持只读事务时获取序列下一个值。
- Oracle 中 `NOCYCLE` 为不循环生成，TDSQL PostgreSQL版（Oracle 兼容）中为 `NO CYCLE`，写法稍有差异。
- 暂不支持 `Oracle` 中的参数 `NOCACHE`、`ORDER`、`NOORDER`。
- 默认不循环生成，达到最大值时将报错；如需循环生成创建时可加参数 `CYCLE`。

### 语法
#### 创建序列
```
CREATE [ TEMPORARY | TEMP ] SEQUENCE [ IF NOT EXISTS ] name
[ AS data_type ]
[ INCREMENT [ BY ] increment ]
[ MINVALUE minvalue | NO MINVALUE ] [ MAXVALUE maxvalue | NO MAXVALUE ]
[ START [ WITH ] start ] [ CACHE cache ] [ [ NO ] CYCLE ]
[ OWNED BY { table_name.column_name | NONE } ]
```
    
#### 修改序列
```
ALTER SEQUENCE [ IF EXISTS ] name
[ AS data_type ]
[ INCREMENT [ BY ] increment ]
[ MINVALUE minvalue | NO MINVALUE ] [ MAXVALUE maxvalue | NO MAXVALUE ]
[ START [ WITH ] start ]
[ RESTART [ [ WITH ] restart ] ]
[ CACHE cache ] [ [ NO ] CYCLE ]
[ OWNED BY { table_name.column_name | NONE } ]
ALTER SEQUENCE [ IF EXISTS ] name OWNER TO { new_owner | CURRENT_USER | SESSION_USER }
ALTER SEQUENCE [ IF EXISTS ] name RENAME TO new_name
ALTER SEQUENCE [ IF EXISTS ] name SET SCHEMA new_schema
```
    
#### 删除序列
```
DROP SEQUENCE [ IF EXISTS ] name [, ...] [ CASCADE | RESTRICT ]
```
    
#### 序列函数
```
获取当前值：
select sequence_name.currval [from dual];
或
select currval('sequence_name') [from dual];
    
获取下一个值：
select nextval('sequence_name') [from dual];
或
select sequence_name.nextval [from dual];
    
设置当前值：
select setval('sequence_name', value) [from dual];
```
    
#### 示例
```
postgres=# create sequence tbase_seq;
CREATE SEQUENCE
postgres=# select tbase_seq.currval;
  currval 
---------
   1
(1 row)
postgres=# select tbase_seq.nextval;
  nextval 
---------
   2
(1 row)
postgres=# select tbase_seq.currval;
  currval 
---------
   2
(1 row)
postgres=# select setval('tbase_seq', 1000000000);
   setval   
------------
   1000000000
(1 row)
postgres=# select currval('tbase_seq') from dual;
  currval   
------------
   1000000000
(1 row)
postgres=# select nextval('tbase_seq') from dual;
  nextval   
------------
   1000000001
(1 row)
postgres=# select setval('tbase_seq', 9223372036854775807);
  setval
---------------------
   9223372036854775807
(1 row)
postgres=# select nextval('tbase_seq') from dual;
ERROR:  nextval: reached maximum value of sequence "tbase_seq" (9223372036854775806)
postgres=# drop sequence tbase_seq;
DROP SEQUENCE
    
postgres=# create sequence tbase_seq2 start with 9223372036854775806 CYCLE;
CREATE SEQUENCE
postgres=# select nextval('tbase_seq2') from dual;
  nextval   
---------------------
   9223372036854775806
(1 row)
    
postgres=# select nextval('tbase_seq2') from dual;
  nextval 
---------
   1
(1 row)
``` 

## 同义词
同义词是 Oracle 中数据库对象的一种别名，支持的对象有：表、视图、序列、运算符、函数、存储过程、包、物化视图、Java class 模式对象、用户自定义对象类型以及其他同义词。
同义词分为公共同义词、私有同义词。

### 使用限制
- 暂不支持同义词修改，如需修改，可先删除、再创建。
- 暂需要超级用户创建、删除公有同义词，不支持普通用户操作。
- 同义词名和被代表对象名不能重复。
- 同义词不能循环解释。
- 对象不存在时，仍能创建同义词，所以创建同义词后，须验证同义词是否可用。

### 语法
#### 创建同义词语法
```
CREATE [ OR REPLACE ] [ PUBLIC ] SYNONYM [ schema. ] synonym FOR [ schema. ] object [ @ dblink ] ;
```
1. 权限
  - 创建私有同义词，需要超级用户或者具有对应模式的 CREATE 权限（Oracle：需要 CREATE ANY SYNONYM/CREATE SYNONYM 权限才可以创建同义词，在 TDSQL PostgreSQL版（Oracle 兼容）中将同义词看成普通对象，简化创建同义词的权限管理）。
  - 创建公共同义词，需要超级用户才可以创建同义词（Oracle 需要 CREATE PUBLIC SYNONYM）。

2. OR REPLACE：不存在即创建同义词，存在则替换定义。
3. PUBLIC：创建公共同义词，所有用户都能够使用这种同义词，但是需要有被代表对象的访问权限。
  - 当使用没有模式名限定的同义词时，并且后面没有 @dblink，系统会将其按照公共同义词定义进行解析。
  - 当公共同义词和当前模式下的“表”同名时，优先使用“表”。
  - 创建与模式同名同义词，导致 PLSQL 失效。Oracle 行为，TDSQL PostgreSQL版（Oracle 兼容）不支持。不指定 PUBLIC 关键字，语句创建私有同义词。
  - 私有同义词在定义模式下名称唯一，并且也不能与其他对象（同义词支持的表、视图、函数等）重名。
  - 其他用户在私有同义词对应的对象如果有权限，那么是允许使用这些私有同义词的。

4. schema ：指定同义词存放的模式名。TDSQL PostgreSQL版（Oracle 兼容）行为：会按照 search_path 值创建对象；如果 search_path 中只有 PUBLIC 合法，则会创建公共同义词（Oracle：如果不指定，存放到当前用户的模式下）。
指定 PUBLIC 关键字，就不能指定 schema。

5. synonym：同义词名。
6. FOR 子句：指定被代表的数据库对象，对象不能是包里的。支持如下对象：
  - 表、对象表（TDSQL PostgreSQL版（Oracle 兼容）：typed table， create table…of…）
  - 视图（对象视图属于 Oracle 特性，TDSQL PostgreSQL版（Oracle 兼容）不支持）
  - 序列
  - 存储过程、函数、包
  - 物化视图
  - Java class schema object（Java 存储过程）
  - 用户自定义类型
  - 同义词

7. schema：对象所在的模式，不指定 TDSQL PostgreSQL版（Oracle 兼容）使用 search_path 查找对象（Oracle 如果不指定，默认为当前用户模式）。Oracle 要求对远程函数存储过程定义同义词，必须指定模式，TDSQL PostgreSQL版（Oracle 兼容）不做此限制。
8. dblink：指定远程对象的 dblink。
9. 其他特殊情况：
  - 同义词名和被代表对象名不能重复。
  - 同义词不能循环解释。
  - 同义词代表的对象可以事先不存在。


#### 删除同义词语法
```
DROP [PUBLIC] SYNONYM [ schema. ] synonym;
```
- 如果模式属主是当前用户，则可以删除这个模式下的同义词，或者可以删除其他模式下，同义词属主与当前用户相同的那些同义词对象（Oracle 行为：需要有 DROP ANY SYNONYM 权限。如果删除公共同义词，需要有 DROP PUBLIC SYNONYM权限）。
- PUBLIC：指定 PUBLIC 可以删除公共同义词。PUBLIC 和 schema 不能同时存在。
- schema：同义词所在的 schema，如果不指定，在当前 search_path下 查找同义词（Oracle：删除当前用户模式下的同义词）。
- 删除物化视图里面的表所对应的同义词，不会使物化视图失效（Oracle：如果删除的同义词被物化视图引用，删除同义词会标识物化视图失效）。
- FORCE：TDSQL PostgreSQL-O版 不支持，会在 Transform 阶段将同义词替换为实际对象，后续不会再依赖同义词（Oracle：如果物化视图被其他对象引用，会将对象标识为 UNUSED）。

#### 修改同义词语法
暂不支持修改同义词。

#### 示例
```
 create table company (
    	id int ,
    	name varchar (60),
    	age int ,
    	address varchar (30),
    	salary int
);
insert into company values(1,'Paul',32,'California',20000);
insert into company values(2,'Allen',25, 'Texas',15000);
insert into company values(3,'Teddy',23,'Norway',20000);
    
postgres=# create synonym s_company for company;
NOTICE:  create synonym as PUBLIC
postgres=# select * from s_company;
  id | name  | age |  address   | salary 
----+-------+-----+------------+--------
   1 | Paul  |  32 | California |  20000
   2 | Allen |  25 | Texas  |  15000
   3 | Teddy |  23 | Norway |  20000
(3 rows)
    
postgres=# select * from pg_synonym ;
  synname  | synnamespace | objnamespace | objname | objdblink | synowner 
-----------+--------------+--------------+---------+-----------+----------
   s_company | 2200 |  | company |   |   10
(1 row)
    
postgres=# drop synonym s_company;
DROP SYNONYM
```
   
## 伪列
### ROWNUM
ROWNUM 是 Oracle 中对结果集加的一个伪列，即先查到结果集之后再加上去的一个列 (强调：须要先有结果集)。简单的说 ROWNUM 是对符合条件结果的序列号。它总是从1开始排起的。

TDSQL PostgreSQL版（Oracle 兼容）支持 ROWNUM 伪列用法。

#### 使用限制
使用 ROWNUM 时需要注意事项：
- ROWNUM 是数据库从数据文件或缓冲区中读取数据的顺序，所以 `rownum > n (n>=1)`、`rownum between n (n>1) and m` 是得不到数据的。
- 不能使用 ROWNUM 作为字段名称。

#### 语法
```
SELECT [ROWNUM,]column1,... FROM table1... WHERE ROWNUM [< | <= ] n [ and ...];
```
    
#### 示例
```
postgres=# create table t1(f1 int,f2 varchar2(16));
CREATE TABLE
postgres=# insert into t1 values (1,'ONE');
INSERT 0 1
postgres=# insert into t1 values (2,'TWO');
INSERT 0 1
postgres=# insert into t1 values (3,'THREE');
INSERT 0 1
postgres=# insert into t1 values (4,'FOUR');
INSERT 0 1
postgres=# insert into t1 values (5,'FIVE');
INSERT 0 1
postgres=# insert into t1 values (6,'SIX');
INSERT 0 1
postgres=# insert into t1 values (7,'SEVEN');
INSERT 0 1
postgres=# select * from t1 order by f1;
  f1 |  f2   
----+-------
   1 | ONE
   2 | TWO
   3 | THREE
   4 | FOUR
   5 | FIVE
   6 | SIX
   7 | SEVEN
(7 rows)
    
postgres=# select rownum,f1,f2 from t1 where f1>5;
  rownum | f1 |  f2   
--------+----+-------
   1 |  6 | SIX
   2 |  7 | SEVEN
(2 rows)
ROWNUM 从1开始
    
postgres=# select rownum,f1,f2 from t1 where rownum<2; 
  rownum | f1 | f2  
--------+----+-----
   1 |  1 | ONE
 (1 row)
只显示一行数据
    
postgres=# select rownum,f1,f2 from t1 where rownum>=1;
  rownum | f1 |  f2   
--------+----+-------
   1 |  1 | ONE
   2 |  2 | TWO
   3 |  5 | FIVE
   4 |  6 | SIX
   5 |  3 | THREE
   6 |  4 | FOUR
   7 |  7 | SEVEN
(7 rows)
显示全部数据
    
postgres=# select rownum,f1,f2 from t1 where  rownum between 1 and 2;  
  rownum | f1 | f2  
--------+----+-----
   1 |  1 | ONE
   2 |  2 | TWO
(2 rows)
    
postgres=# select rownum,f1,f2 from t1 where  rownum between 2 and 3; 
  rownum | f1 | f2 
--------+----+----
(0 rows)
rownum between 如果大于1，查询结果为空，因为 ROWNUM 总是从1开始
```
    
### ROWID
Oracle 数据库的表中的每一行数据都有一个唯一的标识符，称为 ROWID，在 Oracle 内部通常使用它访问数据。ROWID 需要 10 字节的存储空间，并用 18 个字符显示。该值表明了该行在 Oracle 数据库中的具体物理位置。可以在一个查询中使用 ROWID 表明查询结果中包含该值。

保存 ROWID 需要 10 字节或是 80 个二进制位。这 80 个二进制位分别是：
- 数据对象编号，表明此行所属的数据库对象的编号，每个数据对象在数据库建立的时候都被唯一分配一个编号，并且此编号唯一。数据对象编号占用大约32位。
- 对应文件编号，表明该行所在文件的编号，表空间的每一个文件标号都是唯一的。文件编号所占用的位置是10位。
- 块编号，表明该行所在文件的块的位置块编号需要22位。
- 行编号，表明该行在行目录中的具体位置行编号需要16位。
这样加起来就是80位。

Oracle 的物理扩展 ROWID 有 18 位，每位采用 64 位编码，分别用 `A~Z`、`a~z`、`0~9`、`+`、`/` 共 64 个字符表示。`A` 表示 `0` ，`B` 表示 `1`，……`Z` 表示 `25` ，`a` 表示 `26`，…… `z` 表示 `51`，`0` 表示 `52`，……，`9` 表示 `61`，`+` 表示 `62`，`/` 表示 `63`。

TDSQL PostgreSQL版（Oracle 兼容）兼容 Oracle 的 ROWID，由 `<xc_node_id, sequence_id>` 10个字节组成，同样可以保证行更新后，`ROWID` 值不变，但不支持 Oracle 的 DBMS_ROWID 包调用。

#### 使用限制
关于使用 ROWID 的一些注意事项：
- 参数 `default_with_rowid` 可以设置默认建表时是否带 ROWID，默认该值为 `off` ，可以根据需要修改该参数。
- `default_with_rowid=OFF` 时，也可以通过 `create table` 时加上 `with (rowids)` 使得表带 `ROWID` 列。
- ROWID 列默认没有索引，所以基于该列的 SQL 可能存在性能问题，可通过创建索引提高 SQL 效率，建索引语法与普通字段建索引语法相同。
- 不支持 Oracle 的 DBMS_ROWID 包调用。
- `cluster table`、`vacuum full table` 重写表数据后，ROWID 会变，与 Oracle 一致。

#### 语法
```
default_with_rowid=off，建表时带 ROWID 语法示例：
CREATE TABLE [ IF NOT EXISTS ] table_name 
  ( [
    { column_name data_type [ COLLATE collation ] [ column_constraint [ ... ] ]
  | table_constraint
  | LIKE source_table [ like_option ... ] }
  [, ... ]
  ] )
  [ INHERITS ( parent_table [, ... ] ) ]
  [ PARTITION BY { RANGE | LIST | HASH } ( { column_name | ( expression ) } [ COLLATE collation ] [ opclass ] [, ... ] ) ]
  [ WITH ( storage_parameter [= value] [, ... ] ) | WITH OIDS | WITHOUT OIDS ]
WITH ( ROWIDS ) ;
```

#### 示例
```
postgres=# create table t_rowid(f1 int,f2 varchar2(32)) with (rowids);
CREATE TABLE
postgres=# insert into t_rowid(f1,f2) values(1,'ONE');
INSERT 0 1
postgres=# insert into t_rowid(f1,f2) values(2,'TWO');
INSERT 0 1
postgres=# select rowid,* from t_rowid;
rowid | f1 | f2  
----------------------+----+-----
  XPK3fw==AQAAAAAAAAA= |  1 | ONE
  XPK3fw==AgAAAAAAAAA= |  2 | TWO
    
postgres=# select rowid,* from t_rowid where rowid='XPK3fw==AgAAAAAAAAA=';
rowid | f1 | f2  
----------------------+----+-----
  XPK3fw==AgAAAAAAAAA= |  2 | TWO
(1 row)
    
postgres=# update t_rowid set f2='TWO1' where f1=2;
UPDATE 1
postgres=# select rowid,* from t_rowid where rowid='XPK3fw==AgAAAAAAAAA=';
rowid | f1 |  f2  
----------------------+----+------
  XPK3fw==AgAAAAAAAAA= |  2 | TWO1
(1 row)
数据更新，ROWID 不变
    
postgres=# create index idx_t_rowid_rowid on t_rowid(rowid);
CREATE INDEX
postgres=# explain select rowid,* from t_rowid where rowid='XPK3fw==AgAAAAAAAAA=';
  QUERY PLAN   
----------------------------------------------------------------------------------------
Remote Fast Query Execution  (cost=0.00..0.00 rows=0 width=0)
Node/s: dn001, dn002
->  Index Scan using idx_t_rowid_rowid on t_rowid  (cost=0.13..4.15 rows=1 width=98)
Index Cond: (rowid = 'XPK3fw==AgAAAAAAAAA='::rowid)
(4 rows)
postgres=# 
支持 ROWID 字段上创建索引
```
    
