注释透传指支持透传 SQL语句到对应的一个或者多个物理分片（Set），并透传到分表键（Shardkey）对应的分片（Set）中的操作方式。
**具体语法如下：**
```
/*sets:set_1*/
/*sets:set_1,set_2*/ （set名字可以通过/*proxy*/show status查询）
/*sets:allsets */
```
>!对于分布式实例，Proxy 会对 SQL进行语法解析，但有比较严格的限制，如果用户想在某个物理分片（set）中执行SQL语句，可以使用该功能。

**示例：**
```
MySQL [test]> DROP TABLE IF EXISTS test1;
Query OK, 0 rows affected (0.08 sec)

MySQL [test]> create table test1 (a int key, b int, c char(20)) shardkey=a;
Query OK, 0 rows affected (1.71 sec)

--加载300行数据到test1表之后：
MySQL [test]> select count(*) from test1;
+----------+
| count(*) |
+----------+
|      300 |
+----------+
1 row in set (0.12 sec)

MySQL [test]> select count(*) from test1;
+----------+
| count(*) |
+----------+
|      300 |
+----------+
1 row in set (0.11 sec)

MySQL [test]> /*sets:allsets */ select count(*) from test1;
+----------+------------------+
| count(*) | info             |
+----------+------------------+
|      150 | set_1619374020_1 |
|      150 | set_1619508344_3 |
+----------+------------------+
2 rows in set (0.02 sec)

MySQL [(none)]> /*proxy*/ show status;
+-----------------------------+-------------------------------------------+
| status_name                 | value                                     |
+-----------------------------+-------------------------------------------+
| cluster                     | group_1619373877_13                       |
| set_1619374020_1:ip         | 10.0.0.17:4007;s1@10.0.0.16:4007@1@IDC1@0 |
| set_1619374020_1:alias      | s1                                        |
| set_1619374020_1:hash_range | 0---31                                    |
| set_1619508344_3:ip         | 10.0.0.17:4008;s1@10.0.0.16:4008@1@IDC1@0 |
| set_1619508344_3:alias      | s2                                        |
| set_1619508344_3:hash_range | 32---62                                   |
| set                         | set_1619374020_1,set_1619508344_3         |
+-----------------------------+-------------------------------------------+
8 rows in set (0.00 sec)

MySQL [test]> /*sets:set_1619374020_1*/ select count(*) from test1;
+----------+------------------+
| count(*) | info             |
+----------+------------------+
|      150 | set_1619374020_1 |
+----------+------------------+
1 row in set (0.04 sec)

MySQL [test]> /*set_1619508344_3*/ select count(*) from test1;
+----------+
| count(*) |
+----------+
|      150 |
+----------+
1 row in set (0.11 sec)


MySQL [test]> delete from test1;
ERROR 913 (HY000): Proxy ERROR:Join internal error: delete query has no where clause

MySQL [test]> /*sets:allsets*/delete from test1;
Query OK, 300 rows affected (0.04 sec) 
```
